[{
    "ID": "F17/00001012",
    "Subject": "Town and country planning act 1990 lorem ipsum dolor sit amet consectetur, adipisicing elit. Nesciunt tempora eveniet earum ducimus rerum, praesentium similique? Nisi, quas? Expedita est fuga porro dolorum eius nihil corporis illo impedit in exercitationem.",
    "Requester": "Gemma Smith",
    "Type": "Unknown",
    "Assigned": [ "Lacy Leeson", "Lee Smith"],
    "Received": "25/10/2018",
    "Status": "Reassigned",
    "Due_Customer": "30/10/2018",
    "select": true
},
{
    "ID": "F17/00001012",
    "Subject": "Town and country planning act 1990 lorem ipsum dolor sit amet consectetur, adipisicing elit. Nesciunt tempora eveniet earum ducimus rerum, praesentium similique? Nisi, quas? Expedita est fuga porro dolorum eius nihil corporis illo impedit in exercitationem.",
    "Requester": "Gemma Smith",
    "Type": "Unknown",
    "Assigned": [ "Neenu Ks", "Johne Roy"],
    "Received": "25/10/2018",
    "Status": "Reassigned",
    "Due_Customer": "30/10/2018",
    "select": false

},
{
    "ID": "F17/00001012",
    "Subject": "Town and country planning act 1990 lorem ipsum dolor sit amet consectetur, adipisicing elit. Nesciunt tempora eveniet earum ducimus rerum, praesentium similique? Nisi, quas? Expedita est fuga porro dolorum eius nihil corporis illo impedit in exercitationem.",
    "Requester": "Gemma Smith",
    "Type": "Unknown",
    "Assigned": [ "Luzy", "Amy Criz"],
    "Received": "25/10/2018",
    "Status": "Reassigned",
    "Due_Customer": "30/10/2018",
    "select": false

}]
