[{
    "userDetails": [
      {
        "firstName": "Sminil",
        "lastName": "Mannai",
        "userMessage": "Welcome back to CMS",
        "externalInboundNew": "333",
        "externalInboundProgress": "554",
        "externalInboundAchieved": "453",
        "internalInboundNew": "333",
        "internalInboundProgress": "554",
        "internalInboundAchieved": "453",
        "externalOutbounddNew": "333",
        "externalOutboundProgress": "554",
        "externalOutboundAchieved": "453",
        "internalOutboundNew": "333",
        "internalOutboundProgress": "554",
        "internalOutboundAchieved": "453"
      }
    ]
  }]